network,station,channel,dt_on,dt_off,dt_peak,peak,unit,fs,delta,npts,STA,LTA,on,off
XH,DR01,HHZ,2014-12-02 07:47:16.600,2014-12-02 07:47:35.960,2014-12-02 07:47:16.660,-8.76306880485e-08,acc,50.0,0.02,4329001,,,8.0,4.0
XH,DR01,HHZ,2014-12-02 10:22:40.860,2014-12-02 10:22:45.120,2014-12-02 10:22:41.200,-3.64752834315e-07,acc,50.0,0.02,4329001,,,8.0,4.0
XH,DR01,HHZ,2014-12-02 23:08:36.520,2014-12-02 23:08:38.880,2014-12-02 23:08:36.540,3.03410959661e-08,acc,50.0,0.02,4329001,,,8.0,4.0
XH,DR02,HHZ,2014-12-02 02:53:44.760,2014-12-02 02:53:48.100,2014-12-02 02:53:45.220,5.07694522045e-08,acc,50.0,0.02,4329001,,,8.0,4.0
XH,DR02,HHZ,2014-12-02 07:47:14.380,2014-12-02 07:47:19.340,2014-12-02 07:47:15.020,6.43715110655e-08,acc,50.0,0.02,4329001,,,8.0,4.0
XH,DR02,HHZ,2014-12-02 07:47:20.780,2014-12-02 07:47:27.360,2014-12-02 07:47:23.580,-4.91025451796e-08,acc,50.0,0.02,4329001,,,8.0,4.0
XH,DR02,HHZ,2014-12-02 08:01:07.020,2014-12-02 08:01:41.480,2014-12-02 08:01:11.480,-7.71895055413e-08,acc,50.0,0.02,4329001,,,8.0,4.0
XH,DR02,HHZ,2014-12-02 15:30:11.880,2014-12-02 15:30:16.780,2014-12-02 15:30:12.980,-3.71464570026e-07,acc,50.0,0.02,4329001,,,8.0,4.0
XH,DR02,HHZ,2014-12-02 19:39:35.600,2014-12-02 19:39:39.700,2014-12-02 19:39:36.260,1.06129738752e-07,acc,50.0,0.02,4329001,,,8.0,4.0
XH,DR03,HHZ,2014-12-02 01:59:27.720,2014-12-02 01:59:37.740,2014-12-02 01:59:28.940,1.69506665354e-06,acc,50.0,0.02,4329001,,,8.0,4.0
XH,DR04,HHZ,2014-12-02 07:47:19.080,2014-12-02 07:47:44.960,2014-12-02 07:47:22.900,6.59167985462e-08,acc,50.0,0.02,4329001,,,8.0,4.0
XH,DR05,HHZ,2014-12-02 07:47:23.720,2014-12-02 07:47:54.100,2014-12-02 07:47:25.800,-5.26585623568e-08,acc,50.0,0.02,4329001,,,8.0,4.0
XH,DR06,HHZ,2014-12-02 07:47:26.220,2014-12-02 07:47:58.060,2014-12-02 07:47:28.280,-3.97060122929e-08,acc,50.0,0.02,4329001,,,8.0,4.0
XH,DR07,HHZ,2014-12-02 05:23:31.500,2014-12-02 05:23:41.780,2014-12-02 05:23:36.420,-8.36416032285e-09,acc,50.0,0.02,4329001,,,8.0,4.0
XH,DR07,HHZ,2014-12-02 07:47:28.900,2014-12-02 07:48:11.720,2014-12-02 07:47:31.820,1.89455122146e-08,acc,50.0,0.02,4329001,,,8.0,4.0
XH,DR08,HHZ,2014-12-02 05:23:34.720,2014-12-02 05:23:39.580,2014-12-02 05:23:34.720,-5.44291517945e-09,acc,50.0,0.02,4329001,,,8.0,4.0
XH,DR08,HHZ,2014-12-02 07:47:28.960,2014-12-02 07:48:03.460,2014-12-02 07:47:30.340,2.16733371091e-08,acc,50.0,0.02,4329001,,,8.0,4.0
XH,DR08,HHZ,2014-12-02 07:48:08.100,2014-12-02 07:48:12.920,2014-12-02 07:48:09.780,-4.88337451266e-09,acc,50.0,0.02,4329001,,,8.0,4.0
XH,DR09,HHZ,2014-12-02 05:23:33.340,2014-12-02 05:23:41.400,2014-12-02 05:23:33.480,-8.81368605466e-09,acc,50.0,0.02,4329001,,,8.0,4.0
XH,DR09,HHZ,2014-12-02 07:47:29.320,2014-12-02 07:47:59.920,2014-12-02 07:47:32.640,-3.76774038397e-08,acc,50.0,0.02,4329001,,,8.0,4.0
XH,DR10,HHZ,2014-12-02 05:23:32.400,2014-12-02 05:23:41.340,2014-12-02 05:23:35.740,-1.17707966445e-08,acc,50.0,0.02,4329001,,,8.0,4.0
XH,DR10,HHZ,2014-12-02 07:47:28.820,2014-12-02 07:48:15.680,2014-12-02 07:47:30.300,2.29510564661e-08,acc,50.0,0.02,4329001,,,8.0,4.0
XH,DR11,HHZ,2014-12-02 05:23:34.620,2014-12-02 05:23:39.640,2014-12-02 05:23:34.980,8.40741669275e-09,acc,50.0,0.02,4329001,,,8.0,4.0
XH,DR11,HHZ,2014-12-02 07:47:28.120,2014-12-02 07:48:01.420,2014-12-02 07:47:32.680,-3.76197409557e-08,acc,50.0,0.02,4329001,,,8.0,4.0
XH,DR12,HHZ,2014-12-02 05:23:31.220,2014-12-02 05:23:41.560,2014-12-02 05:23:32.140,2.00870822785e-08,acc,50.0,0.02,4329001,,,8.0,4.0
XH,DR12,HHZ,2014-12-02 07:47:29.280,2014-12-02 07:48:05.500,2014-12-02 07:47:31.200,3.94579710974e-08,acc,50.0,0.02,4329001,,,8.0,4.0
XH,DR01,HHZ,2014-12-01 08:45:18.520,2014-12-01 08:45:22.280,2014-12-01 08:45:18.540,4.87049505031e-08,acc,50.0,0.02,4323001,,,8.0,4.0
XH,DR01,HHZ,2014-12-01 13:01:30.380,2014-12-01 13:01:32.840,2014-12-01 13:01:30.400,-1.14969171937e-08,acc,50.0,0.02,4323001,,,8.0,4.0
XH,DR01,HHZ,2014-12-01 14:59:53.820,2014-12-01 14:59:58.200,2014-12-01 14:59:53.820,-8.30725040261e-08,acc,50.0,0.02,4323001,,,8.0,4.0
XH,DR01,HHZ,2014-12-01 16:27:25.480,2014-12-01 16:27:29.700,2014-12-01 16:27:25.500,-5.76146939717e-08,acc,50.0,0.02,4323001,,,8.0,4.0
XH,DR01,HHZ,2014-12-01 16:48:22.200,2014-12-01 16:48:26.400,2014-12-01 16:48:22.680,1.91285640654e-07,acc,50.0,0.02,4323001,,,8.0,4.0
XH,DR13,HHZ,2014-12-02 05:23:32.220,2014-12-02 05:23:40.700,2014-12-02 05:23:33.200,8.73889161251e-09,acc,50.0,0.02,4329001,,,8.0,4.0
XH,DR13,HHZ,2014-12-02 07:47:29.980,2014-12-02 07:48:09.280,2014-12-02 07:47:30.660,3.16185796449e-08,acc,50.0,0.02,4329001,,,8.0,4.0
XH,DR13,HHZ,2014-12-02 15:19:15.240,2014-12-02 15:19:20.300,2014-12-02 15:19:16.320,-2.13261330772e-08,acc,50.0,0.02,4329001,,,8.0,4.0
XH,DR02,HHZ,2014-12-01 01:23:31.880,2014-12-01 01:23:37.200,2014-12-01 01:23:33.400,5.21925601571e-08,acc,50.0,0.02,4323001,,,8.0,4.0
XH,DR02,HHZ,2014-12-01 01:23:49.800,2014-12-01 01:23:55.560,2014-12-01 01:23:51.660,7.2616838095e-08,acc,50.0,0.02,4323001,,,8.0,4.0
XH,DR02,HHZ,2014-12-01 01:24:10.920,2014-12-01 01:24:16.540,2014-12-01 01:24:12.720,6.91068875638e-08,acc,50.0,0.02,4323001,,,8.0,4.0
XH,DR02,HHZ,2014-12-01 01:24:54.460,2014-12-01 01:24:59.200,2014-12-01 01:24:55.440,4.41532243789e-08,acc,50.0,0.02,4323001,,,8.0,4.0
XH,DR02,HHZ,2014-12-01 04:04:01.580,2014-12-01 04:04:04.480,2014-12-01 04:04:01.620,-2.1331842199e-08,acc,50.0,0.02,4323001,,,8.0,4.0
XH,DR02,HHZ,2014-12-01 08:03:48.520,2014-12-01 08:04:23.240,2014-12-01 08:03:59.380,-5.47821830924e-08,acc,50.0,0.02,4323001,,,8.0,4.0
XH,DR02,HHZ,2014-12-01 08:31:07.300,2014-12-01 08:31:12.320,2014-12-01 08:31:07.360,-5.38509695522e-08,acc,50.0,0.02,4323001,,,8.0,4.0
XH,DR02,HHZ,2014-12-01 18:09:16.200,2014-12-01 18:09:22.580,2014-12-01 18:09:18.580,5.63815878976e-08,acc,50.0,0.02,4323001,,,8.0,4.0
XH,DR02,HHZ,2014-12-01 19:02:14.980,2014-12-01 19:02:19.560,2014-12-01 19:02:16.000,-1.15130681122e-07,acc,50.0,0.02,4323001,,,8.0,4.0
XH,DR14,HHZ,2014-12-02 07:47:31.340,2014-12-02 07:47:50.100,2014-12-02 07:47:32.820,5.85158951805e-08,acc,50.0,0.02,4329001,,,8.0,4.0
XH,DR14,HHZ,2014-12-02 12:03:21.580,2014-12-02 12:03:26.100,2014-12-02 12:03:21.820,8.76961241881e-08,acc,50.0,0.02,4329001,,,8.0,4.0
XH,DR14,HHZ,2014-12-02 15:19:13.340,2014-12-02 15:19:17.540,2014-12-02 15:19:13.460,6.1712189959e-08,acc,50.0,0.02,4329001,,,8.0,4.0
XH,DR03,HHZ,2014-12-01 00:51:30.740,2014-12-01 00:51:41.400,2014-12-01 00:51:34.480,2.9743645061e-08,acc,50.0,0.02,4323001,,,8.0,4.0
XH,DR03,HHZ,2014-12-01 00:56:11.520,2014-12-01 00:56:34.940,2014-12-01 00:56:23.180,-5.18790436013e-08,acc,50.0,0.02,4323001,,,8.0,4.0
XH,DR03,HHZ,2014-12-01 03:32:46.600,2014-12-01 03:32:49.400,2014-12-01 03:32:46.620,-2.39245854175e-08,acc,50.0,0.02,4323001,,,8.0,4.0
XH,DR03,HHZ,2014-12-01 06:15:31.480,2014-12-01 06:16:01.260,2014-12-01 06:15:39.560,-3.99278107464e-08,acc,50.0,0.02,4323001,,,8.0,4.0
XH,DR03,HHZ,2014-12-01 07:22:20.420,2014-12-01 07:22:24.860,2014-12-01 07:22:21.060,1.0305721033e-07,acc,50.0,0.02,4323001,,,8.0,4.0
XH,DR03,HHZ,2014-12-01 08:03:34.020,2014-12-01 08:03:53.020,2014-12-01 08:03:35.620,3.79833636541e-08,acc,50.0,0.02,4323001,,,8.0,4.0
XH,DR03,HHZ,2014-12-01 08:41:37.960,2014-12-01 08:41:40.760,2014-12-01 08:41:38.080,2.46720563738e-08,acc,50.0,0.02,4323001,,,8.0,4.0
XH,DR03,HHZ,2014-12-01 13:37:37.620,2014-12-01 13:37:41.540,2014-12-01 13:37:38.280,7.18073153029e-08,acc,50.0,0.02,4323001,,,8.0,4.0
XH,DR15,HHZ,2014-12-02 05:23:35.080,2014-12-02 05:23:42.960,2014-12-02 05:23:39.960,-4.62679237816e-09,acc,50.0,0.02,4329001,,,8.0,4.0
XH,DR15,HHZ,2014-12-02 07:47:35.280,2014-12-02 07:48:14.980,2014-12-02 07:47:44.360,-2.10663965847e-08,acc,50.0,0.02,4329001,,,8.0,4.0
XH,DR15,HHZ,2014-12-02 11:52:41.740,2014-12-02 11:52:47.020,2014-12-02 11:52:43.620,-1.8266718152e-08,acc,50.0,0.02,4329001,,,8.0,4.0
XH,DR15,HHZ,2014-12-02 11:54:26.940,2014-12-02 11:54:33.960,2014-12-02 11:54:29.380,8.93568172258e-09,acc,50.0,0.02,4329001,,,8.0,4.0
XH,DR15,HHZ,2014-12-02 14:47:26.440,2014-12-02 14:47:27.840,2014-12-02 14:47:26.440,2.61818805827e-09,acc,50.0,0.02,4329001,,,8.0,4.0
XH,DR15,HHZ,2014-12-02 15:32:47.500,2014-12-02 15:32:52.040,2014-12-02 15:32:47.500,-9.31880131461e-09,acc,50.0,0.02,4329001,,,8.0,4.0
XH,DR15,HHZ,2014-12-02 15:45:42.260,2014-12-02 15:45:45.180,2014-12-02 15:45:42.540,6.35880537698e-09,acc,50.0,0.02,4329001,,,8.0,4.0
XH,DR15,HHZ,2014-12-02 20:21:32.300,2014-12-02 20:21:38.200,2014-12-02 20:21:32.980,2.2055464337e-08,acc,50.0,0.02,4329001,,,8.0,4.0
XH,DR04,HHZ,2014-12-01 08:04:15.500,2014-12-01 08:04:35.600,2014-12-01 08:04:20.000,-4.39587650989e-09,acc,50.0,0.02,4323001,,,8.0,4.0
XH,DR04,HHZ,2014-12-01 08:55:34.360,2014-12-01 08:55:38.720,2014-12-01 08:55:34.900,-5.12536049446e-09,acc,50.0,0.02,4323001,,,8.0,4.0
XH,DR04,HHZ,2014-12-01 13:39:55.280,2014-12-01 13:40:17.860,2014-12-01 13:40:00.300,-5.17878861293e-09,acc,50.0,0.02,4323001,,,8.0,4.0
XH,DR04,HHZ,2014-12-01 16:27:36.320,2014-12-01 16:28:04.360,2014-12-01 16:27:36.700,-7.73234584679e-09,acc,50.0,0.02,4323001,,,8.0,4.0
XH,DR04,HHZ,2014-12-01 17:19:14.460,2014-12-01 17:19:18.040,2014-12-01 17:19:16.740,2.43085356964e-09,acc,50.0,0.02,4323001,,,8.0,4.0
XH,DR16,HHZ,2014-12-02 05:23:35.020,2014-12-02 05:23:48.620,2014-12-02 05:23:35.720,-8.36225947944e-09,acc,50.0,0.02,4329001,,,8.0,4.0
XH,DR16,HHZ,2014-12-02 05:23:56.200,2014-12-02 05:23:59.100,2014-12-02 05:23:58.600,-2.27522252156e-09,acc,50.0,0.02,4329001,,,8.0,4.0
XH,DR16,HHZ,2014-12-02 05:27:21.520,2014-12-02 05:27:24.480,2014-12-02 05:27:21.520,2.86136162279e-09,acc,50.0,0.02,4329001,,,8.0,4.0
XH,DR16,HHZ,2014-12-02 07:47:55.180,2014-12-02 07:48:17.300,2014-12-02 07:47:55.660,1.49464746872e-08,acc,50.0,0.02,4329001,,,8.0,4.0
XH,DR16,HHZ,2014-12-02 07:48:19.200,2014-12-02 07:48:24.520,2014-12-02 07:48:21.020,4.03133786772e-09,acc,50.0,0.02,4329001,,,8.0,4.0
XH,DR05,HHZ,2014-12-01 00:43:04.180,2014-12-01 00:43:06.760,2014-12-01 00:43:04.300,-1.98071438716e-09,acc,50.0,0.02,4323001,,,8.0,4.0
XH,DR05,HHZ,2014-12-01 08:04:38.960,2014-12-01 08:04:59.980,2014-12-01 08:04:42.220,-4.81488179914e-09,acc,50.0,0.02,4323001,,,8.0,4.0
XH,DR05,HHZ,2014-12-01 13:40:23.460,2014-12-01 13:40:35.560,2014-12-01 13:40:24.820,2.50480718868e-09,acc,50.0,0.02,4323001,,,8.0,4.0
XH,DR05,HHZ,2014-12-01 16:27:38.140,2014-12-01 16:28:12.040,2014-12-01 16:27:54.920,-6.5531834231e-09,acc,50.0,0.02,4323001,,,8.0,4.0
XH,DR05,HHZ,2014-12-01 17:19:04.040,2014-12-01 17:19:25.900,2014-12-01 17:19:17.700,2.70247612056e-09,acc,50.0,0.02,4323001,,,8.0,4.0
XH,DR05,HHZ,2014-12-01 17:19:55.340,2014-12-01 17:20:16.420,2014-12-01 17:19:55.720,2.97768730561e-09,acc,50.0,0.02,4323001,,,8.0,4.0
XH,RS01,HHZ,2014-12-02 07:47:33.160,2014-12-02 07:47:58.340,2014-12-02 07:47:34.700,-4.97033560432e-08,acc,50.0,0.02,4329001,,,8.0,4.0
XH,DR06,HHZ,2014-12-01 16:27:40.680,2014-12-01 16:28:08.020,2014-12-01 16:27:48.120,-3.72253249115e-09,acc,50.0,0.02,4323001,,,8.0,4.0
XH,DR06,HHZ,2014-12-01 17:18:58.940,2014-12-01 17:19:25.540,2014-12-01 17:19:02.820,3.5280394408e-09,acc,50.0,0.02,4323001,,,8.0,4.0
XH,DR06,HHZ,2014-12-01 17:19:49.800,2014-12-01 17:20:11.740,2014-12-01 17:19:51.720,-4.20896991541e-09,acc,50.0,0.02,4323001,,,8.0,4.0
XH,RS02,HHZ,2014-12-02 07:47:31.880,2014-12-02 07:47:55.920,2014-12-02 07:47:33.320,-4.78637564978e-08,acc,50.0,0.02,4329001,,,8.0,4.0
XH,DR07,HHZ,2014-12-01 16:27:47.120,2014-12-01 16:27:54.060,2014-12-01 16:27:47.120,-2.37790696317e-09,acc,50.0,0.02,4323000,,,8.0,4.0
XH,DR07,HHZ,2014-12-01 17:18:53.620,2014-12-01 17:19:23.080,2014-12-01 17:19:10.820,-3.91713548198e-09,acc,50.0,0.02,4323000,,,8.0,4.0
XH,DR07,HHZ,2014-12-01 17:19:39.460,2014-12-01 17:19:42.220,2014-12-01 17:19:39.480,-2.0132929215e-09,acc,50.0,0.02,4323000,,,8.0,4.0
XH,DR07,HHZ,2014-12-01 17:19:45.880,2014-12-01 17:20:01.720,2014-12-01 17:19:47.980,3.02665325265e-09,acc,50.0,0.02,4323000,,,8.0,4.0
XH,DR07,HHZ,2014-12-01 22:18:25.480,2014-12-01 22:18:28.640,2014-12-01 22:18:25.480,7.73419976267e-09,acc,50.0,0.02,4323000,,,8.0,4.0
XH,RS03,HHZ,2014-12-02 05:23:31.560,2014-12-02 05:23:36.320,2014-12-02 05:23:32.080,5.26144536365e-09,acc,50.0,0.02,4329001,,,8.0,4.0
XH,RS03,HHZ,2014-12-02 07:47:31.620,2014-12-02 07:48:13.160,2014-12-02 07:47:46.760,-1.86317980522e-08,acc,50.0,0.02,4329001,,,8.0,4.0
XH,DR08,HHZ,2014-12-01 07:39:28.920,2014-12-01 07:39:34.740,2014-12-01 07:39:31.480,-1.91133386273e-09,acc,50.0,0.02,4323001,,,8.0,4.0
XH,DR08,HHZ,2014-12-01 16:27:51.020,2014-12-01 16:28:14.000,2014-12-01 16:27:59.320,-3.43436278765e-09,acc,50.0,0.02,4323001,,,8.0,4.0
XH,DR08,HHZ,2014-12-01 17:18:53.640,2014-12-01 17:19:29.800,2014-12-01 17:19:07.080,-3.97977718675e-09,acc,50.0,0.02,4323001,,,8.0,4.0
XH,DR08,HHZ,2014-12-01 17:19:45.060,2014-12-01 17:20:13.160,2014-12-01 17:19:52.500,4.10284644737e-09,acc,50.0,0.02,4323001,,,8.0,4.0
XH,RS04,HHZ,2014-12-02 05:23:33.660,2014-12-02 05:23:35.860,2014-12-02 05:23:34.760,-8.13004835328e-09,acc,50.0,0.02,4329001,,,8.0,4.0
XH,RS04,HHZ,2014-12-02 07:47:28.360,2014-12-02 07:48:00.060,2014-12-02 07:47:36.780,4.72591231492e-08,acc,50.0,0.02,4329001,,,8.0,4.0
XH,RS05,HHZ,2014-12-02 07:47:28.180,2014-12-02 07:48:09.600,2014-12-02 07:47:31.960,2.42974171997e-08,acc,50.0,0.02,4329001,,,8.0,4.0
XH,DR09,HHZ,2014-12-01 00:23:56.760,2014-12-01 00:24:01.680,2014-12-01 00:23:58.560,4.1368200383e-06,acc,50.0,0.02,4323001,,,8.0,4.0
XH,DR09,HHZ,2014-12-01 00:35:45.420,2014-12-01 00:35:48.400,2014-12-01 00:35:47.200,3.17652951279e-07,acc,50.0,0.02,4323001,,,8.0,4.0
XH,DR09,HHZ,2014-12-01 00:37:27.800,2014-12-01 00:37:30.020,2014-12-01 00:37:27.880,2.70573145925e-07,acc,50.0,0.02,4323001,,,8.0,4.0
XH,DR09,HHZ,2014-12-01 00:37:35.300,2014-12-01 00:37:38.320,2014-12-01 00:37:35.320,-6.44780253639e-07,acc,50.0,0.02,4323001,,,8.0,4.0
XH,DR09,HHZ,2014-12-01 00:41:57.880,2014-12-01 00:42:04.000,2014-12-01 00:42:01.520,4.8839541372e-07,acc,50.0,0.02,4323001,,,8.0,4.0
XH,RS06,HHZ,2014-12-02 05:23:38.740,2014-12-02 05:23:46.900,2014-12-02 05:23:39.840,-1.6093243096e-08,acc,50.0,0.02,4329001,,,8.0,4.0
XH,RS06,HHZ,2014-12-02 07:47:30.700,2014-12-02 07:48:21.160,2014-12-02 07:47:38.320,2.50606763118e-08,acc,50.0,0.02,4329001,,,8.0,4.0
XH,DR10,HHZ,2014-12-01 02:30:17.320,2014-12-01 02:33:53.100,2014-12-01 02:31:38.380,-2.46670591558e-08,acc,50.0,0.02,4323000,,,8.0,4.0
XH,RS07,HHZ,2014-12-02 07:47:31.480,2014-12-02 07:48:14.160,2014-12-02 07:47:31.980,5.36980410734e-08,acc,50.0,0.02,4329001,,,8.0,4.0
XH,DR11,HHZ,2014-12-01 03:46:20.280,2014-12-01 03:46:23.500,2014-12-01 03:46:20.340,7.6722865448e-09,acc,50.0,0.02,4323001,,,8.0,4.0
XH,DR11,HHZ,2014-12-01 09:55:58.600,2014-12-01 09:56:02.160,2014-12-01 09:55:58.680,7.18460777679e-09,acc,50.0,0.02,4323001,,,8.0,4.0
XH,DR11,HHZ,2014-12-01 16:27:44.900,2014-12-01 16:27:46.860,2014-12-01 16:27:45.160,1.52864737502e-09,acc,50.0,0.02,4323001,,,8.0,4.0
XH,DR11,HHZ,2014-12-01 16:27:50.380,2014-12-01 16:28:01.360,2014-12-01 16:27:51.460,2.58799447693e-09,acc,50.0,0.02,4323001,,,8.0,4.0
XH,DR11,HHZ,2014-12-01 16:28:03.600,2014-12-01 16:28:11.160,2014-12-01 16:28:05.360,-3.05126635657e-09,acc,50.0,0.02,4323001,,,8.0,4.0
XH,DR11,HHZ,2014-12-01 17:18:55.560,2014-12-01 17:19:20.080,2014-12-01 17:19:02.320,-4.36982130965e-09,acc,50.0,0.02,4323001,,,8.0,4.0
XH,DR11,HHZ,2014-12-01 17:19:23.100,2014-12-01 17:19:24.660,2014-12-01 17:19:23.400,-2.16358970631e-09,acc,50.0,0.02,4323001,,,8.0,4.0
XH,DR11,HHZ,2014-12-01 17:19:51.240,2014-12-01 17:20:01.700,2014-12-01 17:19:51.440,3.4909871132e-09,acc,50.0,0.02,4323001,,,8.0,4.0
XH,DR11,HHZ,2014-12-01 18:38:08.180,2014-12-01 18:38:15.460,2014-12-01 18:38:09.420,3.20151475748e-09,acc,50.0,0.02,4323001,,,8.0,4.0
XH,RS08,HHZ,2014-12-02 07:47:33.000,2014-12-02 07:48:03.380,2014-12-02 07:47:34.120,-1.01271309472e-07,acc,50.0,0.02,4329001,,,8.0,4.0
XH,RS08,HHZ,2014-12-02 17:19:25.200,2014-12-02 17:19:28.180,2014-12-02 17:19:25.240,-2.98358712269e-08,acc,50.0,0.02,4329001,,,8.0,4.0
XH,DR12,HHZ,2014-12-01 02:22:22.760,2014-12-01 02:22:44.640,2014-12-01 02:22:31.440,9.5549420256e-09,acc,50.0,0.02,4323001,,,8.0,4.0
XH,DR12,HHZ,2014-12-01 02:22:46.960,2014-12-01 02:24:56.320,2014-12-01 02:24:07.500,2.11184174247e-08,acc,50.0,0.02,4323001,,,8.0,4.0
XH,DR12,HHZ,2014-12-01 02:25:09.520,2014-12-01 02:26:21.680,2014-12-01 02:25:24.920,1.80693088281e-08,acc,50.0,0.02,4323001,,,8.0,4.0
XH,DR12,HHZ,2014-12-01 02:26:25.720,2014-12-01 02:26:34.580,2014-12-01 02:26:31.540,8.40377527123e-09,acc,50.0,0.02,4323001,,,8.0,4.0
XH,RS09,HHZ,2014-12-02 07:47:35.580,2014-12-02 07:47:56.200,2014-12-02 07:47:36.260,-1.58446500768e-07,acc,50.0,0.02,4329001,,,8.0,4.0
XH,RS09,HHZ,2014-12-02 15:23:32.360,2014-12-02 15:23:35.480,2014-12-02 15:23:32.480,-4.50897995202e-08,acc,50.0,0.02,4329001,,,8.0,4.0
XH,RS09,HHZ,2014-12-02 15:40:48.200,2014-12-02 15:40:50.960,2014-12-02 15:40:48.220,3.48374456426e-08,acc,50.0,0.02,4329001,,,8.0,4.0
XH,RS09,HHZ,2014-12-02 15:45:55.980,2014-12-02 15:46:00.700,2014-12-02 15:45:57.640,6.11068963398e-08,acc,50.0,0.02,4329001,,,8.0,4.0
XH,RS09,HHZ,2014-12-02 15:48:04.860,2014-12-02 15:48:07.440,2014-12-02 15:48:05.260,1.66929230932e-08,acc,50.0,0.02,4329001,,,8.0,4.0
XH,RS09,HHZ,2014-12-02 15:56:35.820,2014-12-02 15:56:38.160,2014-12-02 15:56:37.480,-1.75364312261e-08,acc,50.0,0.02,4329001,,,8.0,4.0
XH,RS09,HHZ,2014-12-02 15:59:23.140,2014-12-02 15:59:24.820,2014-12-02 15:59:23.160,7.21089421402e-09,acc,50.0,0.02,4329001,,,8.0,4.0
XH,RS09,HHZ,2014-12-02 16:10:30.340,2014-12-02 16:10:33.440,2014-12-02 16:10:30.420,6.53324566982e-08,acc,50.0,0.02,4329001,,,8.0,4.0
XH,RS09,HHZ,2014-12-02 16:11:44.460,2014-12-02 16:11:47.740,2014-12-02 16:11:44.580,-7.87629017132e-08,acc,50.0,0.02,4329001,,,8.0,4.0
XH,RS09,HHZ,2014-12-02 16:12:53.180,2014-12-02 16:12:56.400,2014-12-02 16:12:53.180,9.72620006885e-08,acc,50.0,0.02,4329001,,,8.0,4.0
XH,RS09,HHZ,2014-12-02 16:13:14.520,2014-12-02 16:13:16.060,2014-12-02 16:13:14.580,1.21316720815e-08,acc,50.0,0.02,4329001,,,8.0,4.0
XH,RS09,HHZ,2014-12-02 16:15:15.240,2014-12-02 16:15:15.980,2014-12-02 16:15:15.340,-2.44601975873e-08,acc,50.0,0.02,4329001,,,8.0,4.0
XH,RS09,HHZ,2014-12-02 16:15:26.220,2014-12-02 16:15:29.200,2014-12-02 16:15:26.220,-6.5476833006e-08,acc,50.0,0.02,4329001,,,8.0,4.0
XH,RS09,HHZ,2014-12-02 16:15:58.220,2014-12-02 16:16:01.380,2014-12-02 16:15:58.340,-7.84252316906e-08,acc,50.0,0.02,4329001,,,8.0,4.0
XH,RS09,HHZ,2014-12-02 16:16:38.560,2014-12-02 16:16:42.080,2014-12-02 16:16:38.720,-1.36762973291e-07,acc,50.0,0.02,4329001,,,8.0,4.0
XH,RS09,HHZ,2014-12-02 16:23:21.420,2014-12-02 16:23:22.580,2014-12-02 16:23:21.780,2.4302920417e-08,acc,50.0,0.02,4329001,,,8.0,4.0
XH,RS09,HHZ,2014-12-02 16:23:38.780,2014-12-02 16:23:41.880,2014-12-02 16:23:38.780,7.21848379636e-08,acc,50.0,0.02,4329001,,,8.0,4.0
XH,RS09,HHZ,2014-12-02 16:24:19.160,2014-12-02 16:24:21.940,2014-12-02 16:24:19.440,3.10633655793e-08,acc,50.0,0.02,4329001,,,8.0,4.0
XH,RS09,HHZ,2014-12-02 16:24:53.140,2014-12-02 16:24:55.420,2014-12-02 16:24:53.380,3.80110157895e-08,acc,50.0,0.02,4329001,,,8.0,4.0
XH,RS09,HHZ,2014-12-02 16:25:06.220,2014-12-02 16:25:09.580,2014-12-02 16:25:06.400,-7.31043258613e-08,acc,50.0,0.02,4329001,,,8.0,4.0
XH,RS09,HHZ,2014-12-02 16:25:53.060,2014-12-02 16:25:56.460,2014-12-02 16:25:53.240,-1.0854061644e-07,acc,50.0,0.02,4329001,,,8.0,4.0
XH,RS09,HHZ,2014-12-02 16:28:40.600,2014-12-02 16:28:46.460,2014-12-02 16:28:40.900,7.8040424818e-08,acc,50.0,0.02,4329001,,,8.0,4.0
XH,RS09,HHZ,2014-12-02 16:28:49.800,2014-12-02 16:28:52.720,2014-12-02 16:28:49.800,5.46242716064e-08,acc,50.0,0.02,4329001,,,8.0,4.0
XH,RS09,HHZ,2014-12-02 16:34:18.920,2014-12-02 16:34:21.800,2014-12-02 16:34:18.920,5.74636733117e-08,acc,50.0,0.02,4329001,,,8.0,4.0
XH,RS09,HHZ,2014-12-02 16:37:35.700,2014-12-02 16:37:38.380,2014-12-02 16:37:35.700,2.30504332111e-08,acc,50.0,0.02,4329001,,,8.0,4.0
XH,RS09,HHZ,2014-12-02 16:38:01.920,2014-12-02 16:38:05.220,2014-12-02 16:38:01.920,-9.01201118195e-08,acc,50.0,0.02,4329001,,,8.0,4.0
XH,RS09,HHZ,2014-12-02 16:39:39.680,2014-12-02 16:39:42.140,2014-12-02 16:39:39.920,-1.93673776581e-08,acc,50.0,0.02,4329001,,,8.0,4.0
XH,RS09,HHZ,2014-12-02 16:42:50.660,2014-12-02 16:42:52.800,2014-12-02 16:42:50.820,-3.30898643843e-08,acc,50.0,0.02,4329001,,,8.0,4.0
XH,RS09,HHZ,2014-12-02 16:44:39.440,2014-12-02 16:44:42.440,2014-12-02 16:44:39.440,8.13241978121e-08,acc,50.0,0.02,4329001,,,8.0,4.0
XH,RS09,HHZ,2014-12-02 16:44:44.420,2014-12-02 16:44:47.720,2014-12-02 16:44:44.600,-1.32666721153e-07,acc,50.0,0.02,4329001,,,8.0,4.0
XH,RS09,HHZ,2014-12-02 16:48:01.860,2014-12-02 16:48:04.740,2014-12-02 16:48:01.940,4.95078007626e-08,acc,50.0,0.02,4329001,,,8.0,4.0
XH,RS09,HHZ,2014-12-02 16:50:43.920,2014-12-02 16:50:47.180,2014-12-02 16:50:43.980,1.12596587586e-07,acc,50.0,0.02,4329001,,,8.0,4.0
XH,RS09,HHZ,2014-12-02 16:52:34.240,2014-12-02 16:52:37.260,2014-12-02 16:52:34.280,-6.17082468744e-08,acc,50.0,0.02,4329001,,,8.0,4.0
XH,RS09,HHZ,2014-12-02 16:52:45.300,2014-12-02 16:52:48.220,2014-12-02 16:52:45.340,-5.34546343827e-08,acc,50.0,0.02,4329001,,,8.0,4.0
XH,RS09,HHZ,2014-12-02 16:53:37.340,2014-12-02 16:53:40.320,2014-12-02 16:53:37.480,5.64481681648e-08,acc,50.0,0.02,4329001,,,8.0,4.0
XH,RS09,HHZ,2014-12-02 16:54:41.740,2014-12-02 16:54:44.380,2014-12-02 16:54:41.820,1.86311050133e-08,acc,50.0,0.02,4329001,,,8.0,4.0
XH,RS09,HHZ,2014-12-02 16:55:02.720,2014-12-02 16:55:05.560,2014-12-02 16:55:02.860,-3.79796056251e-08,acc,50.0,0.02,4329001,,,8.0,4.0
XH,RS09,HHZ,2014-12-02 16:56:08.840,2014-12-02 16:56:12.880,2014-12-02 16:56:09.160,1.38567107558e-07,acc,50.0,0.02,4329001,,,8.0,4.0
XH,RS09,HHZ,2014-12-02 16:57:45.520,2014-12-02 16:57:48.960,2014-12-02 16:57:45.760,-7.02343321651e-08,acc,50.0,0.02,4329001,,,8.0,4.0
XH,RS09,HHZ,2014-12-02 16:59:55.280,2014-12-02 16:59:57.660,2014-12-02 16:59:55.720,1.60866388397e-08,acc,50.0,0.02,4329001,,,8.0,4.0
XH,RS09,HHZ,2014-12-02 17:09:01.020,2014-12-02 17:09:03.840,2014-12-02 17:09:01.060,4.58055011703e-08,acc,50.0,0.02,4329001,,,8.0,4.0
XH,RS09,HHZ,2014-12-02 17:10:02.640,2014-12-02 17:10:05.440,2014-12-02 17:10:02.740,-4.34896055133e-08,acc,50.0,0.02,4329001,,,8.0,4.0
XH,RS09,HHZ,2014-12-02 17:13:48.980,2014-12-02 17:13:52.200,2014-12-02 17:13:49.020,8.0283777729e-08,acc,50.0,0.02,4329001,,,8.0,4.0
XH,RS09,HHZ,2014-12-02 17:18:03.200,2014-12-02 17:18:06.380,2014-12-02 17:18:03.380,-6.45799992593e-08,acc,50.0,0.02,4329001,,,8.0,4.0
XH,RS09,HHZ,2014-12-02 17:18:13.220,2014-12-02 17:18:14.960,2014-12-02 17:18:13.560,1.07046789553e-08,acc,50.0,0.02,4329001,,,8.0,4.0
XH,RS09,HHZ,2014-12-02 17:18:31.360,2014-12-02 17:18:34.360,2014-12-02 17:18:31.360,5.49057372961e-08,acc,50.0,0.02,4329001,,,8.0,4.0
XH,RS09,HHZ,2014-12-02 17:18:43.800,2014-12-02 17:18:47.080,2014-12-02 17:18:43.840,8.22844462874e-08,acc,50.0,0.02,4329001,,,8.0,4.0
XH,RS09,HHZ,2014-12-02 17:19:30.940,2014-12-02 17:19:33.160,2014-12-02 17:19:31.060,4.00396048834e-08,acc,50.0,0.02,4329001,,,8.0,4.0
XH,RS09,HHZ,2014-12-02 17:20:48.120,2014-12-02 17:20:50.920,2014-12-02 17:20:48.120,-5.90786252051e-08,acc,50.0,0.02,4329001,,,8.0,4.0
XH,RS09,HHZ,2014-12-02 17:29:29.100,2014-12-02 17:29:32.080,2014-12-02 17:29:29.140,4.94155215071e-08,acc,50.0,0.02,4329001,,,8.0,4.0
XH,RS09,HHZ,2014-12-02 17:31:50.920,2014-12-02 17:31:53.960,2014-12-02 17:31:50.960,7.7795344147e-08,acc,50.0,0.02,4329001,,,8.0,4.0
XH,RS09,HHZ,2014-12-02 17:32:14.360,2014-12-02 17:32:17.600,2014-12-02 17:32:14.360,9.88654270058e-08,acc,50.0,0.02,4329001,,,8.0,4.0
XH,RS09,HHZ,2014-12-02 17:35:32.940,2014-12-02 17:35:35.960,2014-12-02 17:35:32.980,-8.00002848671e-08,acc,50.0,0.02,4329001,,,8.0,4.0
XH,RS09,HHZ,2014-12-02 17:39:11.820,2014-12-02 17:39:15.220,2014-12-02 17:39:11.940,-1.01776987249e-07,acc,50.0,0.02,4329001,,,8.0,4.0
XH,RS09,HHZ,2014-12-02 17:40:52.600,2014-12-02 17:40:55.240,2014-12-02 17:40:52.620,5.77329697333e-08,acc,50.0,0.02,4329001,,,8.0,4.0
XH,RS09,HHZ,2014-12-02 17:42:02.940,2014-12-02 17:42:06.160,2014-12-02 17:42:02.980,-9.77651794021e-08,acc,50.0,0.02,4329001,,,8.0,4.0
XH,RS09,HHZ,2014-12-02 17:42:41.680,2014-12-02 17:42:45.140,2014-12-02 17:42:41.980,7.48573814535e-08,acc,50.0,0.02,4329001,,,8.0,4.0
XH,RS09,HHZ,2014-12-02 17:43:13.040,2014-12-02 17:43:16.280,2014-12-02 17:43:13.100,1.07127427212e-07,acc,50.0,0.02,4329001,,,8.0,4.0
XH,RS09,HHZ,2014-12-02 17:44:10.800,2014-12-02 17:44:13.880,2014-12-02 17:44:10.820,7.85243361291e-08,acc,50.0,0.02,4329001,,,8.0,4.0
XH,RS09,HHZ,2014-12-02 17:44:29.000,2014-12-02 17:44:31.660,2014-12-02 17:44:29.000,3.55761949081e-08,acc,50.0,0.02,4329001,,,8.0,4.0
XH,RS09,HHZ,2014-12-02 17:46:21.720,2014-12-02 17:46:25.120,2014-12-02 17:46:21.920,-1.3187862266e-07,acc,50.0,0.02,4329001,,,8.0,4.0
XH,RS09,HHZ,2014-12-02 17:46:53.040,2014-12-02 17:46:55.960,2014-12-02 17:46:53.040,-6.52508511035e-08,acc,50.0,0.02,4329001,,,8.0,4.0
XH,RS09,HHZ,2014-12-02 17:48:03.960,2014-12-02 17:48:05.720,2014-12-02 17:48:03.960,-1.60908115434e-08,acc,50.0,0.02,4329001,,,8.0,4.0
XH,RS09,HHZ,2014-12-02 17:48:38.320,2014-12-02 17:48:42.220,2014-12-02 17:48:38.380,-1.72891033193e-07,acc,50.0,0.02,4329001,,,8.0,4.0
XH,RS09,HHZ,2014-12-02 17:49:59.120,2014-12-02 17:50:02.640,2014-12-02 17:49:59.540,1.21301171802e-07,acc,50.0,0.02,4329001,,,8.0,4.0
XH,RS09,HHZ,2014-12-02 17:50:47.200,2014-12-02 17:50:50.300,2014-12-02 17:50:47.240,6.32282202492e-08,acc,50.0,0.02,4329001,,,8.0,4.0
XH,RS09,HHZ,2014-12-02 17:52:33.940,2014-12-02 17:52:37.100,2014-12-02 17:52:34.000,6.11901337929e-08,acc,50.0,0.02,4329001,,,8.0,4.0
XH,RS09,HHZ,2014-12-02 17:54:46.760,2014-12-02 17:54:49.260,2014-12-02 17:54:47.140,2.63621131923e-08,acc,50.0,0.02,4329001,,,8.0,4.0
XH,RS09,HHZ,2014-12-02 17:55:20.660,2014-12-02 17:55:23.840,2014-12-02 17:55:20.760,-1.12786797584e-07,acc,50.0,0.02,4329001,,,8.0,4.0
XH,RS09,HHZ,2014-12-02 18:10:23.900,2014-12-02 18:10:25.840,2014-12-02 18:10:23.920,-2.4766748108e-08,acc,50.0,0.02,4329001,,,8.0,4.0
XH,RS09,HHZ,2014-12-02 18:16:57.900,2014-12-02 18:17:01.300,2014-12-02 18:16:57.960,1.16605691356e-07,acc,50.0,0.02,4329001,,,8.0,4.0
XH,DR13,HHZ,2014-12-01 01:07:50.640,2014-12-01 01:07:54.420,2014-12-01 01:07:50.760,3.45254683735e-07,acc,50.0,0.02,4323001,,,8.0,4.0
XH,DR13,HHZ,2014-12-01 01:07:56.600,2014-12-01 01:07:59.220,2014-12-01 01:07:57.220,5.93019095566e-08,acc,50.0,0.02,4323001,,,8.0,4.0
XH,DR13,HHZ,2014-12-01 01:22:28.160,2014-12-01 01:22:31.720,2014-12-01 01:22:28.160,2.47945481396e-07,acc,50.0,0.02,4323001,,,8.0,4.0
XH,DR13,HHZ,2014-12-01 01:47:12.220,2014-12-01 01:47:17.960,2014-12-01 01:47:13.960,-7.14478147658e-07,acc,50.0,0.02,4323001,,,8.0,4.0
XH,DR13,HHZ,2014-12-01 02:15:55.680,2014-12-01 02:15:59.000,2014-12-01 02:15:56.940,1.01487499749e-07,acc,50.0,0.02,4323001,,,8.0,4.0
XH,DR13,HHZ,2014-12-01 02:16:50.640,2014-12-01 02:16:59.280,2014-12-01 02:16:50.660,5.80835708807e-07,acc,50.0,0.02,4323001,,,8.0,4.0
XH,RS10,HHZ,2014-12-02 07:47:37.580,2014-12-02 07:47:57.120,2014-12-02 07:47:37.680,1.71478076479e-07,acc,50.0,0.02,4329001,,,8.0,4.0
XH,DR14,HHZ,2014-12-01 00:29:14.700,2014-12-01 00:29:18.540,2014-12-01 00:29:15.080,-5.68292737325e-08,acc,50.0,0.02,4323000,,,8.0,4.0
XH,DR14,HHZ,2014-12-01 07:39:21.980,2014-12-01 07:39:27.000,2014-12-01 07:39:22.500,-1.03641680824e-07,acc,50.0,0.02,4323000,,,8.0,4.0
XH,DR14,HHZ,2014-12-01 09:19:44.400,2014-12-01 09:19:49.780,2014-12-01 09:19:44.460,-5.7306112181e-08,acc,50.0,0.02,4323000,,,8.0,4.0
XH,DR14,HHZ,2014-12-01 09:19:52.920,2014-12-01 09:19:55.600,2014-12-01 09:19:53.480,-2.11887807337e-08,acc,50.0,0.02,4323000,,,8.0,4.0
XH,DR14,HHZ,2014-12-01 14:44:21.340,2014-12-01 14:44:26.260,2014-12-01 14:44:21.600,1.19992109756e-07,acc,50.0,0.02,4323000,,,8.0,4.0
XH,DR14,HHZ,2014-12-01 23:48:38.760,2014-12-01 23:48:41.440,2014-12-01 23:48:38.760,2.03642970875e-08,acc,50.0,0.02,4323000,,,8.0,4.0
XH,RS15,HHZ,2014-12-02 07:47:47.420,2014-12-02 07:48:05.780,2014-12-02 07:47:48.680,-8.02265128069e-08,acc,50.0,0.02,4329001,,,8.0,4.0
XH,DR15,HHZ,2014-12-01 03:47:17.240,2014-12-01 03:47:20.160,2014-12-01 03:47:17.240,4.58980380185e-09,acc,50.0,0.02,4323001,,,8.0,4.0
XH,DR15,HHZ,2014-12-01 14:00:01.480,2014-12-01 14:00:06.920,2014-12-01 14:00:02.980,-5.57901844959e-09,acc,50.0,0.02,4323001,,,8.0,4.0
XH,DR15,HHZ,2014-12-01 15:12:01.760,2014-12-01 15:12:05.980,2014-12-01 15:12:02.220,-4.40976073195e-09,acc,50.0,0.02,4323001,,,8.0,4.0
XH,DR15,HHZ,2014-12-01 16:13:52.260,2014-12-01 16:13:59.080,2014-12-01 16:13:52.860,8.87554545686e-09,acc,50.0,0.02,4323001,,,8.0,4.0
XH,DR15,HHZ,2014-12-01 17:18:48.660,2014-12-01 17:19:24.240,2014-12-01 17:18:50.060,8.47132723864e-09,acc,50.0,0.02,4323001,,,8.0,4.0
XH,DR15,HHZ,2014-12-01 17:19:37.920,2014-12-01 17:19:58.100,2014-12-01 17:19:39.580,7.02497627354e-09,acc,50.0,0.02,4323001,,,8.0,4.0
XH,RS16,HHZ,2014-12-02 05:23:33.320,2014-12-02 05:23:43.680,2014-12-02 05:23:34.180,-2.65001045845e-08,acc,50.0,0.02,4329001,,,8.0,4.0
XH,RS16,HHZ,2014-12-02 07:47:45.000,2014-12-02 07:48:11.160,2014-12-02 07:47:47.220,2.29245594973e-08,acc,50.0,0.02,4329001,,,8.0,4.0
XH,DR16,HHZ,2014-12-01 04:27:31.620,2014-12-01 04:27:36.100,2014-12-01 04:27:32.300,2.6746776266e-09,acc,50.0,0.02,4323000,,,8.0,4.0
XH,DR16,HHZ,2014-12-01 17:18:31.780,2014-12-01 17:19:43.820,2014-12-01 17:19:08.400,-1.14633612165e-08,acc,50.0,0.02,4323000,,,8.0,4.0
XH,RS18,HHZ,2014-12-02 00:53:23.240,2014-12-02 00:54:08.360,2014-12-02 00:53:32.620,3.70688067147e-09,acc,50.0,0.02,4329001,,,8.0,4.0
XH,RS18,HHZ,2014-12-02 05:23:37.680,2014-12-02 05:24:11.740,2014-12-02 05:23:48.000,-5.7066724468e-09,acc,50.0,0.02,4329001,,,8.0,4.0
XH,RS18,HHZ,2014-12-02 05:24:13.800,2014-12-02 05:24:22.240,2014-12-02 05:24:14.180,-5.00044944761e-09,acc,50.0,0.02,4329001,,,8.0,4.0
XH,RS18,HHZ,2014-12-02 05:24:24.860,2014-12-02 05:24:31.040,2014-12-02 05:24:24.940,3.51254610441e-09,acc,50.0,0.02,4329001,,,8.0,4.0
XH,RS18,HHZ,2014-12-02 05:24:33.580,2014-12-02 05:24:37.420,2014-12-02 05:24:34.260,2.7957837591e-09,acc,50.0,0.02,4329001,,,8.0,4.0
XH,RS18,HHZ,2014-12-02 07:48:04.560,2014-12-02 07:48:34.240,2014-12-02 07:48:05.460,1.14160813484e-08,acc,50.0,0.02,4329001,,,8.0,4.0
XH,RS01,HHZ,2014-12-01 07:25:16.260,2014-12-01 07:25:27.100,2014-12-01 07:25:18.960,-3.67899857756e-09,acc,50.0,0.02,4323000,,,8.0,4.0
XH,RS01,HHZ,2014-12-01 16:27:40.140,2014-12-01 16:28:04.600,2014-12-01 16:27:43.960,-7.44122924839e-09,acc,50.0,0.02,4323000,,,8.0,4.0
XH,RS01,HHZ,2014-12-01 17:18:50.820,2014-12-01 17:19:28.200,2014-12-01 17:18:55.440,1.32597198224e-08,acc,50.0,0.02,4323000,,,8.0,4.0
XH,RS01,HHZ,2014-12-01 17:19:41.160,2014-12-01 17:19:52.960,2014-12-01 17:19:43.280,4.74984138835e-09,acc,50.0,0.02,4323000,,,8.0,4.0
XH,RS01,HHZ,2014-12-01 18:37:37.680,2014-12-01 18:37:48.040,2014-12-01 18:37:38.520,5.10043200427e-09,acc,50.0,0.02,4323000,,,8.0,4.0
XH,RS02,HHZ,2014-12-01 07:25:16.420,2014-12-01 07:25:38.860,2014-12-01 07:25:26.140,-5.24113404931e-09,acc,50.0,0.02,4323001,,,8.0,4.0
XH,RS02,HHZ,2014-12-01 16:27:38.120,2014-12-01 16:27:53.640,2014-12-01 16:27:42.820,-5.90441790874e-09,acc,50.0,0.02,4323001,,,8.0,4.0
XH,RS02,HHZ,2014-12-01 17:18:50.260,2014-12-01 17:19:27.100,2014-12-01 17:18:56.720,1.41679082527e-08,acc,50.0,0.02,4323001,,,8.0,4.0
XH,RS02,HHZ,2014-12-01 17:19:41.700,2014-12-01 17:19:52.460,2014-12-01 17:19:42.080,3.63329879772e-09,acc,50.0,0.02,4323001,,,8.0,4.0
XH,RS03,HHZ,2014-12-01 09:27:08.460,2014-12-01 09:27:12.080,2014-12-01 09:27:08.760,7.25369468044e-09,acc,50.0,0.02,4323001,,,8.0,4.0
XH,RS03,HHZ,2014-12-01 17:18:50.620,2014-12-01 17:19:23.120,2014-12-01 17:18:55.640,1.53767535459e-08,acc,50.0,0.02,4323001,,,8.0,4.0
XH,RS04,HHZ,2014-12-01 07:25:40.040,2014-12-01 07:25:43.100,2014-12-01 07:25:40.100,-2.1412172311e-09,acc,50.0,0.02,4323001,,,8.0,4.0
XH,RS04,HHZ,2014-12-01 07:25:47.720,2014-12-01 07:25:50.640,2014-12-01 07:25:50.120,-1.6466970463e-09,acc,50.0,0.02,4323001,,,8.0,4.0
XH,RS04,HHZ,2014-12-01 15:41:18.380,2014-12-01 15:41:20.420,2014-12-01 15:41:19.320,-1.08599148222e-09,acc,50.0,0.02,4323001,,,8.0,4.0
XH,RS04,HHZ,2014-12-01 16:27:52.060,2014-12-01 16:28:12.780,2014-12-01 16:28:00.540,-4.44502423825e-09,acc,50.0,0.02,4323001,,,8.0,4.0
XH,RS04,HHZ,2014-12-01 17:18:54.660,2014-12-01 17:19:27.400,2014-12-01 17:19:01.420,4.96102914563e-09,acc,50.0,0.02,4323001,,,8.0,4.0
XH,RS04,HHZ,2014-12-01 17:19:48.060,2014-12-01 17:20:11.180,2014-12-01 17:19:52.820,-3.59962603236e-09,acc,50.0,0.02,4323001,,,8.0,4.0
XH,RS04,HHZ,2014-12-01 18:38:07.240,2014-12-01 18:38:18.980,2014-12-01 18:38:08.040,-2.84563759425e-09,acc,50.0,0.02,4323001,,,8.0,4.0
XH,RS05,HHZ,2014-12-01 02:08:46.820,2014-12-01 02:08:50.420,2014-12-01 02:08:46.880,9.22579223632e-09,acc,50.0,0.02,4323001,,,8.0,4.0
XH,RS05,HHZ,2014-12-01 07:25:48.540,2014-12-01 07:25:59.300,2014-12-01 07:25:48.780,2.61622544695e-09,acc,50.0,0.02,4323001,,,8.0,4.0
XH,RS05,HHZ,2014-12-01 17:18:59.400,2014-12-01 17:19:30.160,2014-12-01 17:19:00.100,-4.42178507898e-09,acc,50.0,0.02,4323001,,,8.0,4.0
XH,RS05,HHZ,2014-12-01 17:19:58.480,2014-12-01 17:20:14.520,2014-12-01 17:20:00.980,2.52095799768e-09,acc,50.0,0.02,4323001,,,8.0,4.0
XH,RS06,HHZ,2014-12-01 17:19:05.280,2014-12-01 17:19:31.640,2014-12-01 17:19:06.660,-4.14765778671e-09,acc,50.0,0.02,4323001,,,8.0,4.0
XH,RS06,HHZ,2014-12-01 17:20:05.320,2014-12-01 17:20:27.980,2014-12-01 17:20:05.580,3.10807820702e-09,acc,50.0,0.02,4323001,,,8.0,4.0
XH,RS06,HHZ,2014-12-01 22:33:29.200,2014-12-01 22:33:32.900,2014-12-01 22:33:29.900,3.20860580813e-09,acc,50.0,0.02,4323001,,,8.0,4.0
XH,RS07,HHZ,2014-12-01 00:43:17.180,2014-12-01 00:43:21.400,2014-12-01 00:43:19.400,1.96256443204e-09,acc,50.0,0.02,4323001,,,8.0,4.0
XH,RS07,HHZ,2014-12-01 00:43:39.940,2014-12-01 00:43:44.700,2014-12-01 00:43:43.080,-1.81110781129e-09,acc,50.0,0.02,4323001,,,8.0,4.0
XH,RS07,HHZ,2014-12-01 07:10:53.920,2014-12-01 07:10:54.680,2014-12-01 07:10:54.380,9.6278623952e-10,acc,50.0,0.02,4323001,,,8.0,4.0
XH,RS07,HHZ,2014-12-01 10:14:17.460,2014-12-01 10:14:20.840,2014-12-01 10:14:18.780,-2.37384763286e-09,acc,50.0,0.02,4323001,,,8.0,4.0
XH,RS07,HHZ,2014-12-01 12:19:57.060,2014-12-01 12:20:07.000,2014-12-01 12:19:59.560,2.51933606002e-09,acc,50.0,0.02,4323001,,,8.0,4.0
XH,RS07,HHZ,2014-12-01 12:39:42.980,2014-12-01 12:39:49.400,2014-12-01 12:39:45.200,2.30731649359e-09,acc,50.0,0.02,4323001,,,8.0,4.0
XH,RS07,HHZ,2014-12-01 16:03:22.260,2014-12-01 16:03:24.600,2014-12-01 16:03:22.280,1.55974816944e-09,acc,50.0,0.02,4323001,,,8.0,4.0
XH,RS07,HHZ,2014-12-01 18:51:07.980,2014-12-01 18:51:12.060,2014-12-01 18:51:08.380,-2.01391542143e-09,acc,50.0,0.02,4323001,,,8.0,4.0
XH,RS07,HHZ,2014-12-01 20:14:40.080,2014-12-01 20:14:42.700,2014-12-01 20:14:40.500,-1.5448742732e-09,acc,50.0,0.02,4323001,,,8.0,4.0
XH,RS07,HHZ,2014-12-01 20:38:20.520,2014-12-01 20:38:28.060,2014-12-01 20:38:22.820,-2.2742818346e-09,acc,50.0,0.02,4323001,,,8.0,4.0
XH,RS08,HHZ,2014-12-01 15:31:51.360,2014-12-01 15:31:54.380,2014-12-01 15:31:51.360,7.34419198794e-09,acc,50.0,0.02,4323001,,,8.0,4.0
XH,RS08,HHZ,2014-12-01 15:33:46.040,2014-12-01 15:33:49.320,2014-12-01 15:33:46.080,-5.62195526002e-09,acc,50.0,0.02,4323001,,,8.0,4.0
XH,RS08,HHZ,2014-12-01 15:33:51.420,2014-12-01 15:33:54.320,2014-12-01 15:33:51.420,-3.83904001212e-09,acc,50.0,0.02,4323001,,,8.0,4.0
XH,RS08,HHZ,2014-12-01 15:35:55.620,2014-12-01 15:35:58.500,2014-12-01 15:35:55.620,-3.19161046424e-09,acc,50.0,0.02,4323001,,,8.0,4.0
XH,RS08,HHZ,2014-12-01 15:37:40.160,2014-12-01 15:37:43.220,2014-12-01 15:37:40.220,-6.97688451841e-09,acc,50.0,0.02,4323001,,,8.0,4.0
XH,RS08,HHZ,2014-12-01 15:44:35.280,2014-12-01 15:44:38.700,2014-12-01 15:44:35.420,1.13666040888e-08,acc,50.0,0.02,4323001,,,8.0,4.0
XH,RS08,HHZ,2014-12-01 15:47:20.860,2014-12-01 15:47:23.220,2014-12-01 15:47:21.060,1.74274703035e-09,acc,50.0,0.02,4323001,,,8.0,4.0
XH,RS08,HHZ,2014-12-01 15:53:47.640,2014-12-01 15:53:50.400,2014-12-01 15:53:47.660,2.85958868956e-09,acc,50.0,0.02,4323001,,,8.0,4.0
XH,RS08,HHZ,2014-12-01 15:55:28.800,2014-12-01 15:55:31.840,2014-12-01 15:55:28.840,-5.63267276842e-09,acc,50.0,0.02,4323001,,,8.0,4.0
XH,RS08,HHZ,2014-12-01 15:57:45.140,2014-12-01 15:57:48.100,2014-12-01 15:57:45.180,-5.16722234856e-09,acc,50.0,0.02,4323001,,,8.0,4.0
XH,RS08,HHZ,2014-12-01 15:58:30.760,2014-12-01 15:58:33.380,2014-12-01 15:58:30.760,-2.82135358413e-09,acc,50.0,0.02,4323001,,,8.0,4.0
XH,RS08,HHZ,2014-12-01 16:00:05.040,2014-12-01 16:00:08.100,2014-12-01 16:00:05.100,-6.19821459935e-09,acc,50.0,0.02,4323001,,,8.0,4.0
XH,RS08,HHZ,2014-12-01 16:05:15.820,2014-12-01 16:05:19.820,2014-12-01 16:05:16.540,1.17820951067e-08,acc,50.0,0.02,4323001,,,8.0,4.0
XH,RS08,HHZ,2014-12-01 16:10:12.260,2014-12-01 16:10:16.280,2014-12-01 16:10:13.000,9.93763970107e-09,acc,50.0,0.02,4323001,,,8.0,4.0
XH,RS08,HHZ,2014-12-01 16:14:51.420,2014-12-01 16:14:53.600,2014-12-01 16:14:52.120,1.77995171176e-09,acc,50.0,0.02,4323001,,,8.0,4.0
XH,RS08,HHZ,2014-12-01 16:15:21.100,2014-12-01 16:15:27.720,2014-12-01 16:15:24.620,7.62314384843e-09,acc,50.0,0.02,4323001,,,8.0,4.0
XH,RS08,HHZ,2014-12-01 16:16:10.440,2014-12-01 16:16:13.540,2014-12-01 16:16:10.440,8.3291011624e-09,acc,50.0,0.02,4323001,,,8.0,4.0
XH,RS08,HHZ,2014-12-01 16:17:39.100,2014-12-01 16:17:42.020,2014-12-01 16:17:39.100,-4.08044281493e-09,acc,50.0,0.02,4323001,,,8.0,4.0
XH,RS08,HHZ,2014-12-01 16:25:55.940,2014-12-01 16:25:59.280,2014-12-01 16:25:56.020,1.30790844758e-08,acc,50.0,0.02,4323001,,,8.0,4.0
XH,RS08,HHZ,2014-12-01 16:26:11.520,2014-12-01 16:26:14.820,2014-12-01 16:26:11.740,7.34206704647e-09,acc,50.0,0.02,4323001,,,8.0,4.0
XH,RS08,HHZ,2014-12-01 16:26:44.700,2014-12-01 16:26:48.100,2014-12-01 16:26:44.840,1.08094624901e-08,acc,50.0,0.02,4323001,,,8.0,4.0
XH,RS08,HHZ,2014-12-01 16:26:54.880,2014-12-01 16:26:57.940,2014-12-01 16:26:54.880,7.3816222574e-09,acc,50.0,0.02,4323001,,,8.0,4.0
XH,RS08,HHZ,2014-12-01 16:29:04.480,2014-12-01 16:29:07.400,2014-12-01 16:29:04.640,3.53044561713e-09,acc,50.0,0.02,4323001,,,8.0,4.0
XH,RS08,HHZ,2014-12-01 16:50:11.200,2014-12-01 16:50:14.720,2014-12-01 16:50:11.360,1.50027331676e-08,acc,50.0,0.02,4323001,,,8.0,4.0
XH,RS08,HHZ,2014-12-01 17:06:34.240,2014-12-01 17:06:39.720,2014-12-01 17:06:36.060,2.57342758965e-08,acc,50.0,0.02,4323001,,,8.0,4.0
XH,RS09,HHZ,2014-12-01 14:56:56.120,2014-12-01 14:56:59.100,2014-12-01 14:56:56.280,3.11569925156e-08,acc,50.0,0.02,4323001,,,8.0,4.0
XH,RS09,HHZ,2014-12-01 14:58:06.560,2014-12-01 14:58:09.460,2014-12-01 14:58:06.680,-3.63270305786e-08,acc,50.0,0.02,4323001,,,8.0,4.0
XH,RS09,HHZ,2014-12-01 14:58:52.960,2014-12-01 14:58:55.700,2014-12-01 14:58:52.980,1.91203454446e-08,acc,50.0,0.02,4323001,,,8.0,4.0
XH,RS09,HHZ,2014-12-01 15:06:48.700,2014-12-01 15:06:51.780,2014-12-01 15:06:48.760,-3.48495454289e-08,acc,50.0,0.02,4323001,,,8.0,4.0
XH,RS09,HHZ,2014-12-01 15:12:37.360,2014-12-01 15:12:41.000,2014-12-01 15:12:37.580,9.39561405194e-08,acc,50.0,0.02,4323001,,,8.0,4.0
XH,RS09,HHZ,2014-12-01 15:30:31.120,2014-12-01 15:30:34.320,2014-12-01 15:30:31.300,4.51415479405e-08,acc,50.0,0.02,4323001,,,8.0,4.0
XH,RS09,HHZ,2014-12-01 15:38:57.420,2014-12-01 15:39:00.340,2014-12-01 15:38:57.500,3.09177537818e-08,acc,50.0,0.02,4323001,,,8.0,4.0
XH,RS09,HHZ,2014-12-01 15:43:59.240,2014-12-01 15:44:02.160,2014-12-01 15:43:59.420,2.42731467131e-08,acc,50.0,0.02,4323001,,,8.0,4.0
XH,RS09,HHZ,2014-12-01 15:45:26.340,2014-12-01 15:45:29.000,2014-12-01 15:45:26.860,-2.56032928272e-08,acc,50.0,0.02,4323001,,,8.0,4.0
XH,RS09,HHZ,2014-12-01 15:47:36.660,2014-12-01 15:47:40.000,2014-12-01 15:47:36.900,-6.32885491733e-08,acc,50.0,0.02,4323001,,,8.0,4.0
XH,RS09,HHZ,2014-12-01 15:48:28.720,2014-12-01 15:48:31.700,2014-12-01 15:48:28.720,-4.76085474995e-08,acc,50.0,0.02,4323001,,,8.0,4.0
XH,RS09,HHZ,2014-12-01 15:48:43.580,2014-12-01 15:48:46.740,2014-12-01 15:48:43.580,5.5413337525e-08,acc,50.0,0.02,4323001,,,8.0,4.0
XH,RS09,HHZ,2014-12-01 15:49:32.620,2014-12-01 15:49:35.460,2014-12-01 15:49:32.640,-2.701879235e-08,acc,50.0,0.02,4323001,,,8.0,4.0
XH,RS09,HHZ,2014-12-01 15:53:11.820,2014-12-01 15:53:14.980,2014-12-01 15:53:11.820,-5.78797429088e-08,acc,50.0,0.02,4323001,,,8.0,4.0
XH,RS09,HHZ,2014-12-01 15:55:58.040,2014-12-01 15:56:01.060,2014-12-01 15:55:58.120,-4.30102315581e-08,acc,50.0,0.02,4323001,,,8.0,4.0
XH,RS09,HHZ,2014-12-01 16:01:28.420,2014-12-01 16:01:31.640,2014-12-01 16:01:28.480,-7.43455056694e-08,acc,50.0,0.02,4323001,,,8.0,4.0
XH,RS09,HHZ,2014-12-01 16:06:17.860,2014-12-01 16:06:20.700,2014-12-01 16:06:18.040,2.17535983886e-08,acc,50.0,0.02,4323001,,,8.0,4.0
XH,RS09,HHZ,2014-12-01 16:07:02.060,2014-12-01 16:07:05.460,2014-12-01 16:07:04.120,2.52793173028e-08,acc,50.0,0.02,4323001,,,8.0,4.0
XH,RS09,HHZ,2014-12-01 16:07:09.640,2014-12-01 16:07:13.360,2014-12-01 16:07:09.820,-7.13991255907e-08,acc,50.0,0.02,4323001,,,8.0,4.0
XH,RS09,HHZ,2014-12-01 16:07:33.880,2014-12-01 16:07:36.840,2014-12-01 16:07:33.940,-3.03867811725e-08,acc,50.0,0.02,4323001,,,8.0,4.0
XH,RS09,HHZ,2014-12-01 16:07:43.880,2014-12-01 16:07:47.380,2014-12-01 16:07:43.880,-3.93599788754e-08,acc,50.0,0.02,4323001,,,8.0,4.0
XH,RS09,HHZ,2014-12-01 16:08:14.200,2014-12-01 16:08:17.420,2014-12-01 16:08:14.240,-3.32521289984e-08,acc,50.0,0.02,4323001,,,8.0,4.0
XH,RS09,HHZ,2014-12-01 16:08:19.760,2014-12-01 16:08:23.220,2014-12-01 16:08:20.020,-7.83532163199e-08,acc,50.0,0.02,4323001,,,8.0,4.0
XH,RS09,HHZ,2014-12-01 16:08:26.880,2014-12-01 16:08:30.200,2014-12-01 16:08:26.920,6.6806282142e-08,acc,50.0,0.02,4323001,,,8.0,4.0
XH,RS09,HHZ,2014-12-01 16:08:31.260,2014-12-01 16:08:37.580,2014-12-01 16:08:31.260,5.71166452685e-08,acc,50.0,0.02,4323001,,,8.0,4.0
XH,RS09,HHZ,2014-12-01 16:08:50.620,2014-12-01 16:08:53.160,2014-12-01 16:08:50.640,-2.28542484011e-08,acc,50.0,0.02,4323001,,,8.0,4.0
XH,RS09,HHZ,2014-12-01 16:09:01.380,2014-12-01 16:09:06.440,2014-12-01 16:09:01.540,4.50117553069e-08,acc,50.0,0.02,4323001,,,8.0,4.0
XH,RS09,HHZ,2014-12-01 16:09:36.180,2014-12-01 16:09:40.880,2014-12-01 16:09:37.820,-4.9726749415e-08,acc,50.0,0.02,4323001,,,8.0,4.0
XH,RS09,HHZ,2014-12-01 16:09:59.920,2014-12-01 16:10:03.260,2014-12-01 16:09:59.980,4.62361920736e-08,acc,50.0,0.02,4323001,,,8.0,4.0
XH,RS09,HHZ,2014-12-01 16:10:08.640,2014-12-01 16:10:11.480,2014-12-01 16:10:08.740,-3.86069975842e-08,acc,50.0,0.02,4323001,,,8.0,4.0
XH,RS09,HHZ,2014-12-01 16:10:13.580,2014-12-01 16:10:16.780,2014-12-01 16:10:14.180,-3.10004269261e-08,acc,50.0,0.02,4323001,,,8.0,4.0
XH,RS09,HHZ,2014-12-01 16:11:41.160,2014-12-01 16:11:47.060,2014-12-01 16:11:41.200,6.94675519501e-08,acc,50.0,0.02,4323001,,,8.0,4.0
XH,RS09,HHZ,2014-12-01 16:12:25.680,2014-12-01 16:12:29.300,2014-12-01 16:12:26.020,-1.23853405236e-07,acc,50.0,0.02,4323001,,,8.0,4.0
XH,RS09,HHZ,2014-12-01 16:13:10.940,2014-12-01 16:13:14.100,2014-12-01 16:13:11.140,-3.82250301047e-08,acc,50.0,0.02,4323001,,,8.0,4.0
XH,RS09,HHZ,2014-12-01 16:13:44.460,2014-12-01 16:13:48.020,2014-12-01 16:13:44.640,8.55085275118e-08,acc,50.0,0.02,4323001,,,8.0,4.0
XH,RS09,HHZ,2014-12-01 16:14:02.100,2014-12-01 16:14:05.180,2014-12-01 16:14:02.120,-4.33700388468e-08,acc,50.0,0.02,4323001,,,8.0,4.0
XH,RS09,HHZ,2014-12-01 16:14:14.920,2014-12-01 16:14:17.940,2014-12-01 16:14:15.000,-3.30304333861e-08,acc,50.0,0.02,4323001,,,8.0,4.0
XH,RS09,HHZ,2014-12-01 16:15:10.980,2014-12-01 16:15:14.080,2014-12-01 16:15:10.980,3.2652495324e-08,acc,50.0,0.02,4323001,,,8.0,4.0
XH,RS09,HHZ,2014-12-01 16:16:51.520,2014-12-01 16:16:54.020,2014-12-01 16:16:51.540,-1.66388444375e-08,acc,50.0,0.02,4323001,,,8.0,4.0
XH,RS09,HHZ,2014-12-01 16:17:25.400,2014-12-01 16:17:28.260,2014-12-01 16:17:25.560,-3.29529341115e-08,acc,50.0,0.02,4323001,,,8.0,4.0
XH,RS09,HHZ,2014-12-01 16:19:18.100,2014-12-01 16:19:21.860,2014-12-01 16:19:18.360,1.00332398494e-07,acc,50.0,0.02,4323001,,,8.0,4.0
XH,RS09,HHZ,2014-12-01 16:20:49.960,2014-12-01 16:20:54.460,2014-12-01 16:20:50.060,7.27631866518e-08,acc,50.0,0.02,4323001,,,8.0,4.0
XH,RS09,HHZ,2014-12-01 16:21:03.740,2014-12-01 16:21:06.460,2014-12-01 16:21:03.740,-3.44492822678e-08,acc,50.0,0.02,4323001,,,8.0,4.0
XH,RS09,HHZ,2014-12-01 16:21:15.820,2014-12-01 16:21:18.580,2014-12-01 16:21:15.820,3.03702261294e-08,acc,50.0,0.02,4323001,,,8.0,4.0
XH,RS09,HHZ,2014-12-01 16:22:13.460,2014-12-01 16:22:15.420,2014-12-01 16:22:13.460,-1.13358915352e-08,acc,50.0,0.02,4323001,,,8.0,4.0
XH,RS09,HHZ,2014-12-01 16:22:55.780,2014-12-01 16:22:58.640,2014-12-01 16:22:55.840,-2.93490542443e-08,acc,50.0,0.02,4323001,,,8.0,4.0
XH,RS09,HHZ,2014-12-01 16:24:39.700,2014-12-01 16:24:42.740,2014-12-01 16:24:39.720,4.15002506828e-08,acc,50.0,0.02,4323001,,,8.0,4.0
XH,RS09,HHZ,2014-12-01 16:25:31.160,2014-12-01 16:25:34.580,2014-12-01 16:25:31.320,-7.13405255441e-08,acc,50.0,0.02,4323001,,,8.0,4.0
XH,RS09,HHZ,2014-12-01 16:27:51.960,2014-12-01 16:27:52.860,2014-12-01 16:27:51.960,1.49954762334e-08,acc,50.0,0.02,4323001,,,8.0,4.0
XH,RS09,HHZ,2014-12-01 16:28:14.480,2014-12-01 16:28:17.760,2014-12-01 16:28:14.700,-6.17925389224e-08,acc,50.0,0.02,4323001,,,8.0,4.0
XH,RS09,HHZ,2014-12-01 16:28:38.860,2014-12-01 16:28:41.900,2014-12-01 16:28:38.860,-5.25447903728e-08,acc,50.0,0.02,4323001,,,8.0,4.0
XH,RS09,HHZ,2014-12-01 16:29:44.280,2014-12-01 16:29:47.540,2014-12-01 16:29:44.300,6.02465017016e-08,acc,50.0,0.02,4323001,,,8.0,4.0
XH,RS09,HHZ,2014-12-01 16:31:28.580,2014-12-01 16:31:30.500,2014-12-01 16:31:28.600,6.67189087751e-09,acc,50.0,0.02,4323001,,,8.0,4.0
XH,RS09,HHZ,2014-12-01 16:33:41.200,2014-12-01 16:33:44.360,2014-12-01 16:33:41.300,-5.10672964882e-08,acc,50.0,0.02,4323001,,,8.0,4.0
XH,RS09,HHZ,2014-12-01 16:34:32.340,2014-12-01 16:34:35.560,2014-12-01 16:34:32.380,-5.63872651028e-08,acc,50.0,0.02,4323001,,,8.0,4.0
XH,RS09,HHZ,2014-12-01 16:34:44.480,2014-12-01 16:34:47.180,2014-12-01 16:34:44.500,-1.35038645497e-08,acc,50.0,0.02,4323001,,,8.0,4.0
XH,RS09,HHZ,2014-12-01 16:40:27.220,2014-12-01 16:40:30.040,2014-12-01 16:40:27.240,-2.28713807656e-08,acc,50.0,0.02,4323001,,,8.0,4.0
XH,RS09,HHZ,2014-12-01 16:41:44.860,2014-12-01 16:41:48.160,2014-12-01 16:41:45.100,-6.80736579386e-08,acc,50.0,0.02,4323001,,,8.0,4.0
XH,RS09,HHZ,2014-12-01 16:43:42.360,2014-12-01 16:43:45.420,2014-12-01 16:43:42.360,4.89441588691e-08,acc,50.0,0.02,4323001,,,8.0,4.0
XH,RS09,HHZ,2014-12-01 16:44:32.280,2014-12-01 16:44:35.580,2014-12-01 16:44:32.460,5.74625824979e-08,acc,50.0,0.02,4323001,,,8.0,4.0
XH,RS09,HHZ,2014-12-01 16:46:52.800,2014-12-01 16:46:57.720,2014-12-01 16:46:54.640,3.7950509418e-08,acc,50.0,0.02,4323001,,,8.0,4.0
XH,RS09,HHZ,2014-12-01 16:46:58.740,2014-12-01 16:47:04.240,2014-12-01 16:47:01.140,3.20848222893e-08,acc,50.0,0.02,4323001,,,8.0,4.0
XH,RS09,HHZ,2014-12-01 16:50:01.680,2014-12-01 16:50:04.660,2014-12-01 16:50:01.720,-4.195024703e-08,acc,50.0,0.02,4323001,,,8.0,4.0
XH,RS09,HHZ,2014-12-01 16:50:24.300,2014-12-01 16:50:27.780,2014-12-01 16:50:24.340,7.03637598785e-08,acc,50.0,0.02,4323001,,,8.0,4.0
XH,RS09,HHZ,2014-12-01 16:50:55.820,2014-12-01 16:50:59.040,2014-12-01 16:50:55.820,-5.3868510378e-08,acc,50.0,0.02,4323001,,,8.0,4.0
XH,RS09,HHZ,2014-12-01 16:54:27.900,2014-12-01 16:54:31.580,2014-12-01 16:54:27.900,-8.57916389955e-08,acc,50.0,0.02,4323001,,,8.0,4.0
XH,RS09,HHZ,2014-12-01 16:55:09.060,2014-12-01 16:55:12.380,2014-12-01 16:55:09.120,7.17694388377e-08,acc,50.0,0.02,4323001,,,8.0,4.0
XH,RS09,HHZ,2014-12-01 16:56:43.900,2014-12-01 16:56:46.660,2014-12-01 16:56:43.920,2.20626456252e-08,acc,50.0,0.02,4323001,,,8.0,4.0
XH,RS09,HHZ,2014-12-01 16:58:49.740,2014-12-01 16:58:52.980,2014-12-01 16:58:49.800,4.86162080319e-08,acc,50.0,0.02,4323001,,,8.0,4.0
XH,RS09,HHZ,2014-12-01 17:21:08.280,2014-12-01 17:21:11.760,2014-12-01 17:21:08.340,7.84966825035e-08,acc,50.0,0.02,4323001,,,8.0,4.0
XH,RS09,HHZ,2014-12-01 17:26:11.500,2014-12-01 17:26:14.700,2014-12-01 17:26:11.660,-6.01875745439e-08,acc,50.0,0.02,4323001,,,8.0,4.0
XH,RS09,HHZ,2014-12-01 17:30:42.760,2014-12-01 17:30:45.560,2014-12-01 17:30:43.240,-2.53962745156e-08,acc,50.0,0.02,4323001,,,8.0,4.0
XH,RS10,HHZ,2014-12-01 00:43:30.040,2014-12-01 00:43:42.060,2014-12-01 00:43:31.300,-4.62471061227e-09,acc,50.0,0.02,4323001,,,8.0,4.0
XH,RS10,HHZ,2014-12-01 02:22:23.820,2014-12-01 02:22:34.300,2014-12-01 02:22:24.460,-7.71396219594e-09,acc,50.0,0.02,4323001,,,8.0,4.0
XH,RS10,HHZ,2014-12-01 05:56:30.680,2014-12-01 05:56:35.040,2014-12-01 05:56:31.520,3.21665037028e-09,acc,50.0,0.02,4323001,,,8.0,4.0
XH,RS10,HHZ,2014-12-01 06:04:02.380,2014-12-01 06:04:05.540,2014-12-01 06:04:03.500,-2.26121104037e-09,acc,50.0,0.02,4323001,,,8.0,4.0
XH,RS10,HHZ,2014-12-01 07:16:50.740,2014-12-01 07:16:54.020,2014-12-01 07:16:52.220,-2.0353475195e-09,acc,50.0,0.02,4323001,,,8.0,4.0
XH,RS10,HHZ,2014-12-01 07:16:54.800,2014-12-01 07:16:58.920,2014-12-01 07:16:55.140,3.910471203e-09,acc,50.0,0.02,4323001,,,8.0,4.0
XH,RS10,HHZ,2014-12-01 07:37:59.500,2014-12-01 07:38:01.240,2014-12-01 07:38:01.200,-1.48624599116e-09,acc,50.0,0.02,4323001,,,8.0,4.0
XH,RS10,HHZ,2014-12-01 08:57:18.420,2014-12-01 08:57:28.980,2014-12-01 08:57:19.480,5.17820608369e-09,acc,50.0,0.02,4323001,,,8.0,4.0
XH,RS10,HHZ,2014-12-01 09:21:49.160,2014-12-01 09:21:54.620,2014-12-01 09:21:49.440,2.51605785433e-09,acc,50.0,0.02,4323001,,,8.0,4.0
XH,RS10,HHZ,2014-12-01 11:57:34.260,2014-12-01 11:57:36.580,2014-12-01 11:57:34.420,-1.9922395502e-09,acc,50.0,0.02,4323001,,,8.0,4.0
XH,RS10,HHZ,2014-12-01 14:20:23.140,2014-12-01 14:20:25.180,2014-12-01 14:20:24.380,1.47088756717e-09,acc,50.0,0.02,4323001,,,8.0,4.0
XH,RS10,HHZ,2014-12-01 16:28:10.220,2014-12-01 16:28:17.500,2014-12-01 16:28:10.520,-2.81579787904e-09,acc,50.0,0.02,4323001,,,8.0,4.0
XH,RS10,HHZ,2014-12-01 16:36:15.640,2014-12-01 16:36:16.340,2014-12-01 16:36:15.660,-9.33641375645e-10,acc,50.0,0.02,4323001,,,8.0,4.0
XH,RS10,HHZ,2014-12-01 18:14:19.880,2014-12-01 18:14:24.600,2014-12-01 18:14:20.260,2.57117216717e-09,acc,50.0,0.02,4323001,,,8.0,4.0
XH,RS10,HHZ,2014-12-01 19:15:25.300,2014-12-01 19:15:28.340,2014-12-01 19:15:25.320,-7.84882787458e-09,acc,50.0,0.02,4323001,,,8.0,4.0
XH,RS10,HHZ,2014-12-01 20:38:00.240,2014-12-01 20:38:20.380,2014-12-01 20:38:04.180,-5.13604710616e-09,acc,50.0,0.02,4323001,,,8.0,4.0
XH,RS15,HHZ,2014-12-01 17:19:51.260,2014-12-01 17:20:12.760,2014-12-01 17:19:57.120,-4.10650523072e-09,acc,50.0,0.02,4323001,,,8.0,4.0
XH,RS15,HHZ,2014-12-01 18:38:39.040,2014-12-01 18:38:41.060,2014-12-01 18:38:39.520,2.34993844829e-09,acc,50.0,0.02,4323001,,,8.0,4.0
XH,RS16,HHZ,2014-12-01 03:49:26.960,2014-12-01 03:49:29.940,2014-12-01 03:49:27.020,-5.4738167791e-09,acc,50.0,0.02,4323001,,,8.0,4.0
XH,RS16,HHZ,2014-12-01 09:59:28.400,2014-12-01 09:59:31.300,2014-12-01 09:59:28.400,-1.8727957736e-09,acc,50.0,0.02,4323001,,,8.0,4.0
XH,RS16,HHZ,2014-12-01 17:18:40.160,2014-12-01 17:19:52.640,2014-12-01 17:18:43.720,7.4855906531e-09,acc,50.0,0.02,4323001,,,8.0,4.0
XH,RS18,HHZ,2014-12-01 17:18:30.180,2014-12-01 17:19:28.600,2014-12-01 17:18:57.140,-1.52438513923e-08,acc,50.0,0.02,4323001,,,8.0,4.0
XH,RS18,HHZ,2014-12-01 19:36:38.700,2014-12-01 19:36:41.740,2014-12-01 19:36:38.760,-7.72510787665e-09,acc,50.0,0.02,4323001,,,8.0,4.0
